Clase,Mensaje
Positivo,"@nomecallomasok @PabloK75 @Aerolineas_AR Yo hace muchos a√±os ya hab√≠a visto manzanas en EEUU, l√≥gicamente de R√≠o Negro, es un orgullo ver productos nuestros, tan nobles en el exterior!"
Positivo,@PabloK75 @Aerolineas_AR Por esto siempre pienso que deber√≠a volver Aerol√≠neas Cargo
Negativo,"@Aerolineas_AR vuelo que cambi√≥ de horario, demasiada gente, soy muy muy muy fobica y la falta de distancia interpersonal me est√° matando."
Negativo,@Aerolineas_AR hola fue consulta por DM
Negativo,@Aerolineas_AR imposible comunicarme por telefono. Necesito cambiar pasajes y no se puede online.
Negativo,"@DNDConsumidor @Aerolineas_AR @MindeTransporte termine de cargar TODOS LOS DATOS y me dice que la pagina no funciona, parece el colmo, estoy haciendo un reclamo porque @Aerolineas_AR me cag* por una pagina web y @DNDConsumidor me pasa una pagina que no funciona üò° idem lo de aerolineas"
Negativo,"@Aerolineas_AR necesito saber c√≥mo cambio mis pasajes, si pudiesen responder algunos de mis mails se lo agradecer√≠a."
Negativo,@Aerolineas_AR Mentira!!! Ni en esta ni en la otra promoci√≥n consegu√≠ esos precios desde Salta.. capaz que no la consideran dentro de Argentina
Negativo,La mina era m√°s mentirosa que promo de @Aerolineas_AR  jaja.. Andaaa!! https://t.co/3YTaoRphpT
Positivo,"@panchada @Aerolineas_AR Ok,, gracias!!üëçüñêüñê"
Positivo,@karilamas17 @Aerolineas_AR Siempre mitad d semana es m√°s barato un vuelo y elijo la hora q sale menos q por lo general es o muy temprano o mediod√≠a...
Positivo,"@HCAQUILMES @Aerolineas_AR Haaa, gracias"
Negativo,@Aerolineas_AR me cambiaron el horario de un vuelo y perd√≠ la conexi√≥n. Tuve q volver a comprar un pasaje q me sali√≥ una fortuna y ustedes no me dan ninguna rtta. a mi solicitud de compensaci√≥n a este problema que no s√≥lo fue econ√≥mico sino que me caus√≥ inconvenientes adicionales
Negativo,"@Aerolineas_AR me pueden explicar para que ponen una promoci√≥n de compras de millas y obtener el doble si cuando lo vas hacer no te deja, lo estoy intentando desde ayer üò°üò°üò°"
Positivo,"@Polita9999 @adrianratam @Aerolineas_AR Es hernoso, tambien andaba con ganas de volver porque siempre cambia el paisaje, asi que volver√© üòÄ"
Positivo,"@kvivi24 @adrianratam @Aerolineas_AR üëèüèªüëèüèªüëèüèª Cataratas que lindo destino, fu√≠ dos veces y volver√≠a mil veces m√°s"
Positivo,"@adrianratam @Aerolineas_AR Espectacular, tenia pasajes saliendo desde foz, estaba esperando algo bueno, con lo que me ahorro me hice de yapa 2 dias en las cataratas antes de partir, eapectacular üí™üí™üí™"
Positivo,@kvivi24 @Aerolineas_AR Vaamooooosss Vivi!!!!
Negativo,@Aerolineas_AR Verso
Positivo,@alebresky @Aerolineas_AR @mauriciomacri üí™üëèüëèüëèüëèüëèüíôVAYAMOS ARGENTIDA CARAJOüí™üíôüíôüíô
Negativo,"Seria bueno que los pelotudos de @Aerolineas_AR carguen la info correcta. Ayer publicaron que el cambio para pasajes de hoy era 38.00 y asi sigue figurando en la web de agencias , mientras los sistemas estan cotizando a 38.10. Sigan rompiendo los huevos. https://t.co/NP0yzOMBYJ"
Positivo,"El fin de semana largo, Aerol√≠neas Argentinas transportar√° 9% m√°s pasajeros https://t.co/05tid1q2tJ #findesemana #aerol√≠neas #Argentina #Aerol√≠neasArgentinas #transporte #pasajeros @Aerolineas_AR"
Positivo,Aerol√≠neas se prepara para el finde largo. @Aerolineas_AR https://t.co/6h61d2L8fC #Aerol√≠neasArgentinas
Negativo,"Se puede ser ineficiente? si, se puede! @almundo_ar @Aerolineas_AR me patean de tel√©fono en tel√©fono, me han llegado a decir que tengo que pagar por el asiento ... que la culpa es de la agencia que bloquea el checkin y mucho m√°s. Mientras tanto sigo esperando una soluci√≥n"
Positivo,@Aerolineas_AR TRANSPORTAR√Å UN 9% M√ÅS DE PASAJEROS QUE EL A√ëO PASADO DURANTE ESTE FIN DE SEMANA LARGO https://t.co/g6bRwOUPK2 https://t.co/lzyUMp9Ggj
Negativo,@_DarioGallardo @AndresGabrielli necesitamos vuelos a nqn de otra aerol√≠nea. Por qu√© somos cautivos de @Aerolineas_AR qu√© es car√≠simo
Negativo,"Cuando necesito sacar pasajes, nunca puedo ingresar a las web de @Aerolineas_AR Nunca se me termina de cargar el buscador üò©"
Negativo,y por lo mal que me trataron en mostrador y en atencion al cliente ante mi reclamo @Aerolineas_AR
Negativo,"@DNDConsumidor quiero hacer el reclamo del reintegro de que la pagina ""no funcionaba"" y NADIE ME QUISO DAR UNA SOLUCION Y/O ALTERNATIVA @Aerolineas_AR @MindeTransporte"
Negativo,"@Aerolineas_AR Es una mentira, averig√ºe para Santiago, sale $8000üôÑüôÑüôÑ"
Negativo,"Lunes vuelo a ny @Aerolineas_AR demorado xq no llegaba la tripulacion, mi√©rcoles vuelo a ny sale 6 ha tarde por desperfectos..no volvamos a lo que era antes"
Negativo,@Aerolineas_AR Si claro... entro y el pasaje nacional que busco sale mas de 10 lucas.  Hdp!!!
Negativo,"@Aerolineas_AR un vuelo a Nueva York demorado esta noche hasta que se cancela definitivamente por fallas en el avi√≥n , se pierde la conexi√≥n con otra aerol√≠nea a boston Y LA EMPRESA NO SE HACE CARGO DE NADA?"
Negativo,"@Aerolineas_AR Parece que la √∫nica que vuela a $699 es Valeria Daneri... los dem√°s (yo incluida), NO VEMOS ESOS PRECIOS EN NING√öN LADO!!! TODO MENTIRA."
Negativo,Arriba del AR1302 @Aerolineas_AR esperando + 1 hora sentados x q no vino camion de nafta entonces el capitan anuncia que pidio ahora de otra compania. #sinnafta Una verguenza ...   para que embsrcamos ? despues hablan de puntualidad.
Negativo,Mi vuelo no despega porque el cami√≥n de combustible no viene. Esperando un cami√≥n de ypf que llega tipo 12. Y el coso de las pelis no tiene audio. @Aerolineas_AR sucks.
Positivo,Tremendos los simuladores de vuelo de @Aerolineas_AR . La sensaci√≥n de vuelo es taaaan real. All√≠ practican los pilotos https://t.co/XQNcO5rTuI
Positivo,Un fin de semana largo exitoso para Aerol√≠neas Argentinas @Aerolineas_AR  @MindeTransporte   https://t.co/bhpKkUyQvy https://t.co/FQqbq9AqZ5
Positivo,"@gamba1063 @Aerolineas_AR @GeeneTomlinson la mejooor de todas, nos juntamos y no nos para nadie üòÇüòÜ"
Positivo,@gjamdz @Aerolineas_AR @diazpez @SirChandlerBlog Ah√≠ trate de nuevo y pude. Gracias a todos!  ü•≥
Negativo,@Aerolineas_AR Tiene m√°s letra chica esa publicidad. Chorizos!
Negativo,"@Aerolineas_AR Hola, nunca me dijieron como utilizar las millas"
Negativo,@Aerolineas_AR tengo que hacer una consulta de aerol√≠neas plus y no me puedo comunicar nunca!!!
Positivo,"Este fin de semana, @Aerolineas_AR espera un mont√≥n de pasajeros usando los servicios.  https://t.co/yaXYZeJyYw"
Negativo,@GuruMartinez88 @Aerolineas_AR Siiiiii ! Un afano üò±
Negativo,@Sradelostattoos @Aerolineas_AR Se fue todo a la mierda imag√≠nate q el kg de ü•ù sale 90 pesos jaja
Negativo,@Aerolineas_AR Es mentira!!!! No hay una sola oferta a ese precio
Negativo,"Un pasaje en @Aerolineas_AR a San Mart√≠n de los Andes en esta ,que ya es temporada baja claramente ,est√° $ 8500 üò± que pas√≥ (?)"
Positivo,@diazpez @Aerolineas_AR @SirChandlerBlog Gracias!!!!
Negativo,¬øEs joda esto? Retrasan 10 a√±os al hacerte ir a hacer la cola sin tener que despachar nada. Creo que me hubiese indignado menos si la pagina no andaba... @Aerolineas_AR @diazpez @SirChandlerBlog https://t.co/LixlfITENT
Negativo,@cyngarciaradio @Aerolineas_AR @JavierJiguacel Cara rotas.
Positivo,@Qualityman156 @alanxelmundo @Aerolineas_AR Graciasssss
Negativo,@Aerolineas_AR Es una mierda esta promoci√≥n por que s√≥lo son saliendo de Bs as
Negativo,@Aerolineas_AR Nada que ver los precios me salio m√°s barato Andes ida y vuelta es un ida solo de esta promo.
Positivo,Que bien nos trat√≥ la tripulaci√≥n del vuelo 1447 de @Aerolineas_AR desde #Tucum√°n a #BuenosAires. Amables y siempre con una sonrisa. Dicen que volver√°n a Tucum√°n por nuestras empanadas!!! @TucumanTurismo @TurismoNacionAR https://t.co/eFHyR24ggT
Negativo,@Aerolineas_AR Dejen de mentir a la.gente   el.unico. pasaje a 700 es a cordoba no al resto.del.pais.  y tampoco.los valores que dicen al resto.del.pais .existen .  es todo.una farsa
Negativo,Bochornoso trato de @Aerolineas_AR a los pasajeros en Barajas. Mienten descaradamente por las razones de una demora de 9 horas! No respetan ni las necesidades ni las obligaciones de los pasajeros
Negativo,@Aerolineas_AR Chupamela con la publicidad enga√±osa!!!
Positivo,@SirChandlerBlog @Aerolineas_AR Ok. Gracias por la data...genio Como siempre
Negativo,@Aerolineas_AR  Que est√° pasando que cada vez que llamo al 011 4340-7777 nadie responde con cualquier opci√≥n que se elija? Es incre√≠ble q desde hace m√≠nimo 2 semanas me quiero comunicar en distintos horarios y me es imposible.
Negativo,@Aerolineas_AR Son unos truchos !cuando entras a comprar te dice el precio real 7000
Negativo,Un desastre como est√° @Aerolineas_AR ! Siempre con problemas en las puertas y a √∫ltimo momento se ponen a armarlas. https://t.co/56DEl7ZQDl
Positivo,@RitucciFernanda @bettyboo1050 @Guillodietrich @Aerolineas_AR No sabes buscar! Familiares viajaron de Corrientes a Buenos Aires x 1000 $ ida y vuelta!!!!!
Positivo,@RitucciFernanda @Aerolineas_AR encontr√© para mayo del 2019 a 1500 cada tramo cuando habitualmente est√°n entre 3500 y 5000 cada tramo para mi fue un golazo
Negativo,@Aerolineas_AR Otra mentira sideral de aerol√≠neas argentinas reci√©n entr√© y cuestan una fortuna
Negativo,@Aerolineas_AR Dejen de mentir
Positivo,"Gracias @Aerolineas_AR por traernos a casa, despu√©s de cerrar una gran jornada! #amamosloquehacemos https://t.co/1c7DwJ20yC"
Positivo,"@Aerolineas_AR Aprovecho para felicitar a la tripulacion del vuelo 1135 Madrid- Bs As Dom 7/10, por la calidez y buena predisposici√≥n durante las 12 hs de vuelo. Lo bueno tambien vale decirlo."
Negativo,"@Aerolineas_AR Devolveme mi num de socio, q hace un a√±o pierdo millones de millas"
Negativo,@Aerolineas_AR Una estafa. Un venta de humo. Un verso descomunal. Es publicidad enga√±osa. No existen esos precios aun mirando varias fechas
Negativo,@forasteroDibera @Aerolineas_AR Perd√≥n pero la empresa miente con los precios de √©sta promoci√≥n  o me vas a decir q no?
Negativo,"@Aerolineas_AR No solo es info falsa, sino que las tarifas que son m√°s caras no incluyen equipaje ni asiento...  como las low cost que tanto critican y q no quieren dejar operar!"
Negativo,@gustinValdes @Aerolineas_AR @DNDConsumidor Son una mentira @Aerolineas_AR ...no existe la promo...busqu√© diferentes fechas a prop√≥sito....y salen desde $5000...@DNDConsumidor
Positivo,Directivos de @Aerolineas_AR presentaron la operaci√≥n de vuelos de verano de la compa√±√≠a. Se ofrecer√° un 15% m√°s de asientos que en 2018. Adem√°s se suma Mendoza - Mar del Plata con 5 frecuencias semanales. https://t.co/WaNDSlSqV1
Negativo,@Aerolineas_AR Hijos de putaaaaa! De donde sacan esos precios? 19 lucas para 2 desde San Mart√≠n de los Andes?!!!
Negativo,@Aerolineas_AR No existe tal promoci√≥n busque en todas las opciones y por 700 pesos no voy a ning√∫n lado ...
Positivo,@Liliana202702 @Aerolineas_AR Gracias
Negativo,@Aerolineas_AR Alg√∫n d√≠a responden los reclamos por alg√∫n medio? Terrible atenci√≥n al cliente. Me voy a cambiar de programa de pasajero frecuente üò°
Positivo,@ElMundoOk @ViajesChat @iatiseguros @Aerolineas_AR Muchas graciassssssss‚úàÔ∏è‚úàÔ∏è‚úàÔ∏è
Positivo,@ViajarSiempre @ViajesChat @iatiseguros @Aerolineas_AR ¬°Qu√© preciosidad! #viajeschat
Positivo,"@ElMundoOk @ViajesChat @iatiseguros R4: Una de las fotos m√°s lindas que saqu√© volando, y es mi pinned tweet. Aterrizaje con @Aerolineas_AR en Aeropuerto El Prat, Barcelona en abril 2016.  #ViajesChat https://t.co/k8dUQj56Ep"
Positivo,"@ElMundoOk @ViajesChat @iatiseguros R4: Una de las fotos m√°s lindas que saqu√© volando, y es mi pinned tweet. Aterrizaje con @Aerolineas_AR en Aeropuerto El Prat, Barcelona en abril 2016.  #ViajesChat https://t.co/k8dUQj56Ep"
Negativo,Mentiraaaa....@Aerolineas_AR ..me canse de buscar..y no hay esos precios https://t.co/idjk7jk14t
Negativo,"Que cagada que @Aerolineas_AR te cambi√© siempre el vuelo, tengo una vida y cosas que hacer"
Positivo,@Aerolineas_AR es un verdadero orgullo. Da placer viajar por nuestra l√≠nea de bandera. üá¶üá∑
Negativo,@Aerolineas_AR Intente comprar en las fechas a varios destinos y nunca respetan esa tarifa... #estafa #mentira üòí
Positivo,A volar se ha dicho! Por @Aerolineas_AR üòä a la bella C√≥rdoba! https://t.co/5MSjzv9u5g
Negativo,@Aerolineas_AR hace lo que quiere. Te pasa un vuelo 7 horas y te avisa 24 hs antes...¬ø no pueden resolver el problema en este tiempo? Total... el que se jode es el que llega tarde y pierde sus pasajes en Argentina
Positivo,@InfoViajera @Aerolineas_AR Yo no lei pero vi la tabla y es genial
Positivo,Cuando uno enumera los motivos para volar por @Aerolineas_AR seguro @malenitaeche es uno! Gracias nuevamente y un abrazo! https://t.co/13l9BC22x4
Positivo,@ferpetris @Aerolineas_AR Uy! Que sorpresa! gracias!  Es mi obligacion! Bienvenido a bordo SIEMPRE! HASTA PRONTO!
Negativo,@Aerolineas_AR Es mentira esta promo....busque los destinos que busque en las fechas indicadas por Uds. Los precios no son los que dicen.
Positivo,@InfoViajera @todoporviajar @Aerolineas_AR Totalmente! Muy aprovechable!!!!
Positivo,@ViajarSiempre @todoporviajar @Aerolineas_AR El cambio en cabotaje es una fiesta
Negativo,Siguen entregando las rutas nacionales a empresas extranjeras mientras que a @Aerolineas_AR le siguen quitando rutas. Competencia desleal y buscan el vaciamiento de la aerol√≠nea de bandera. #LosCielosNoSeVenden  https://t.co/uJ76jzudZY
Positivo,@Aerolineas_AR  buenos d√≠as quiero agradecer el trato especial q tuvieron con mi madre un servicio excelente  Ida y vuelta
Positivo,"Ayer tuve el privilegio de participar de ‚ÄúVivir de pie‚Äù, con @jeanmaggime, gracias a la invitaci√≥n de @Aerolineas_AR y @Delta.  Fue una lind√≠sima jornada de aprendizaje y de trabajo en equipo armando bicicletas. Comparto link para sumarse a esta iniciativa https://t.co/HXE45Unel1 https://t.co/latdWCBQFg"
Negativo,"@Aerolineas_AR Hola AA, necesito que POR FAVOR me respondan por algun lado, nunca solucionan nada, y como pasajero frecuente siempre pierdo. ME SOLUCIONAN ALGO PORFA?"
Negativo,@Aerolineas_AR Dejen de mentir!!!! despu√©s se quejan de las low cost. V√°yanse a cagar!!!!!
Negativo,@Aerolineas_AR  no podes arrancar la cabeza con el precio por un vuelo de cabotaje
Positivo,"Lamentablemente, no se habla ni se escribe lo suficiente en los medios sobre la gran labor de la Fundaci√≥n Jean Maggi, creada y dirigida por un cordob√©s ejemplar junto a un maravilloso grupo de personas, y ahora tambi√©n con el apoyo de empresas como @Aerolineas_AR y @Delta. https://t.co/9r8hEAL9gc"
Negativo,@Aerolineas_AR ESTO ES TODO UNA MENTIRA!!!!! Quiero sacar pasaje NEUQUEN-CORDOBA-NEUQUEN para abril/2019 y no hay a ese precio
Positivo,@Aerolineas_AR #Gracias!! Excelente vuelo!!! https://t.co/uN3hFUjknn
Positivo,@Aerolineas_AR Saque y use promoci√≥n anterior a $499...Santa Fe/Bue/Bue/Slt/Bue/Bue/PRA total $2200 #UnRegalo Un tramo a SALTA hoy sale arriba d $2800 1TRAMO y la PROMO dice bien desde.. LEAN BIEN  #GraciasAerolineasArgentinas
Negativo,"@Aerolineas_AR Mentirosos y ladrones, bue cpc solo ida casi 7000."
Negativo,@Aerolineas_AR Nunca encuentro ese precio.
Negativo,"@Aerolineas_AR nos cancel√≥ un vuelo luego de hacernos esperar una hora sin dar informaci√≥n precisa, no se hicieron cargo de los gastos extras que nos generan al reprogramarlo y, para rematar, me rompieron la valija. Por supuesto que ante todo se lavaron las manos #unaverg√ºenza"
Positivo,"Gracias a toda la tripulaci√≥n del vuelo 1670 de @Aerolineas_AR, en especial a @malenitaeche comisario de a bordo, calidad humana que todos necesitamos, felicitaciones y üôèüôèüôèüôèüôè"
Negativo,"@Aerolineas_AR vuelo a ny 1300 demorado xq no llega la trip, hace tres a√±os que esto no me pasaba, veniamos bien"
Negativo,@Aerolineas_AR Y adem√°s te clava para sin aviso y jodete! El viernes estuve 14 hs en aeroparque intentado llegar a Jujuy y tuve que volar v√≠a Salta y despu√©s arr√©glate!
Negativo,@Aerolineas_AR Es una mentira 6000 mil pesos hasta calafate
Negativo,"@LATAMAirlinesUS  nunca me devolvieron el valor del equipaje da√±ado, en los mails dec√≠an que lo har√≠an y no fue as√≠, pasaron 6 meses @emirates @Aerolineas_AR @AirEuropa"
Positivo,"@Aerolineas_AR Me compr√© 8 pasajes, ida y vuelta Res-BsAs...$790 el tramo...un lujo! √âsta vez es verdad la promo"
Negativo,En el mes de Marzo pasado tenia planeado un vuelo a Peru pero x razones personales no pude hacerlo. Ayer finalmente buscamos un nuevo vuelo con @Aerolineas_AR y encontramos un buen precio y casualmente ahora nos dicen q el pago no se proces√≥.  Era digital y no funciona nada....
Negativo,"@Aerolineas_AR Ahora no nos quieren subir, discriminacion, maltrato y abuso de poder!!!! Eso es esta aerol√≠nea!!!!"
Negativo,@Aerolineas_AR Quise comprar Buenos Aires a Jujuy para abril y no tienen esos precios que publican.
Positivo,"#Trelew contar√° con 15 mil asientos m√°s de @Aerolineas_AR a partir de la incorporaci√≥n de m√°s vuelos desde el mes de octubre, con el objetivo de acompa√±ar el inicio de la temporada de ping√ºinos y la continuidad de ballenas https://t.co/px4qWb8FAM"
Positivo,@nicko737 @Aerolineas_AR Fot√≥n! üëèüèªüëèüèªüëèüèªüëèüèª
Positivo,"#Chubut Un cuadro de naturaleza viva, por @juasalas en @lacapitalmdq, que estuvo en #PeninsulaVald√©s gracias a @Aerolineas_AR y @ChubutPatagonia https://t.co/iprsra337Y"
Positivo,@nicko737 @Aerolineas_AR @De_aviacion @aviacionline @AvionesCordoba @HANGARX @iloveaviacion @SpottersArg @avgeekretweeter @SirChandlerBlog @ArgSpotters @diazpez Muy linda!
Positivo,"@nicko737 @Aerolineas_AR @De_aviacion @aviacionline @AvionesCordoba @HANGARX @iloveaviacion @SpottersArg @avgeekretweeter @SirChandlerBlog @ArgSpotters @diazpez Impresionante,Hermosa!!!üëèüëèüëè"
Positivo,@nicko737 @Aerolineas_AR @De_aviacion @aviacionline @AvionesCordoba @HANGARX @iloveaviacion @SpottersArg @avgeekretweeter @SirChandlerBlog @ArgSpotters @diazpez Espectacular! Como haces esa foto!?
Positivo,@KikeLippi @nicko737 @Aerolineas_AR @De_aviacion @aviacionline @AvionesCordoba @HANGARX @iloveaviacion @SpottersArg @avgeekretweeter @SirChandlerBlog @ArgSpotters @diazpez Muy buena!!!!! üí™üí™üí™üí™
Positivo,@KikeLippi @Aerolineas_AR @De_aviacion @aviacionline @AvionesCordoba @HANGARX @iloveaviacion @SpottersArg @avgeekretweeter @SirChandlerBlog @ArgSpotters @diazpez Gracias kike!!! üõ´üõ´üõ´
Positivo,@vickyulf @Aerolineas_AR @De_aviacion @aviacionline @AvionesCordoba @HANGARX @iloveaviacion @SpottersArg @avgeekretweeter @SirChandlerBlog @ArgSpotters @diazpez Gracias Vicky!!
Positivo,@diazpez @Aerolineas_AR @De_aviacion @aviacionline @AvionesCordoba @HANGARX @iloveaviacion @SpottersArg @avgeekretweeter @SirChandlerBlog @ArgSpotters JEJJEJE https://t.co/XqfvpWvWJE
Positivo,@nicko737 @Aerolineas_AR @De_aviacion @aviacionline @AvionesCordoba @HANGARX @iloveaviacion @SpottersArg @avgeekretweeter @SirChandlerBlog @ArgSpotters @diazpez Divina Nico
Positivo,@nicko737 @Aerolineas_AR @De_aviacion @aviacionline @AvionesCordoba @HANGARX @iloveaviacion @SpottersArg @avgeekretweeter @SirChandlerBlog @ArgSpotters @diazpez Excelente Nico
Negativo,"deci que todas las empresas son una mierda, pero @fibertel @CableFibertel y su ‚Äòservicio postventa‚Äô es un desastre. Ojal√° se fundan"
Negativo,"P√©simo servicio de @fibertel por esta red, contestan cuando quieren y nunca logran solucionar nada"
Negativo,"Hola @fibertel @CableFibertel , por qu√© me est√°n reclamando el pago de una factura diciendo que est√° vencida cuando no es as√≠? Adem√°s de haber prometido bonificaci√≥n por su mal accionar hace meses y nunca haberla aplicado? https://t.co/qYoj2AW1oD"
Negativo,"Vamos a mostrar lo que sucede . Leamos la letra chica , hasta 250gb en internet por cable. Son las ratas m√°ximas, no es ilegal, es gil, porque adem√°s de tener casi un monopolio de las comunicaciones , joden a los usuarios lo m√°s posible @CableFibertel @fibertel @ServCablevision https://t.co/sOgKqSmYcK"
Negativo,"No se puede creer, lo indignado que estoy, adem√°s de limitar la velocidad porque supuestamente 'se colapsan los nodos' sino que no te permiten volver a la velocidad en la que se navega, ninguna otra empresa hace esto, solo ustedes @CableFibertel @fibertel @ServCablevision"
Negativo,"Verg√ºenza @CableFibertel @fibertel  Limitan la velocidad de internet , y ni lo dicen , hay que leer la letra muy chica para realmente darse cuenta que despu√©s de un consumo (baj√≠simo) te recortan la velocidad al m√≠nimo, solo para romperte las pelotas , porque no se puede volver"
Negativo,@fibertel ayer se corto unas 15 veces hoy directamente no anda. Si no lo van a arreglar al menos compensenme economicamente.
Negativo,"La gente de @fibertel  vino a mi casa tres veces con la de hoy, no mandan pseudot√©cnicos a ""arreglar"" la conexi√≥n y sigue sin funcionar. PERO LA BOLETA TE LA COBRAN IGUAL EH... @noAndaFibertel"
Negativo,@infobae Por culpa de @fibertel como siempre.
Negativo,@fibertel la concha de tu madre
Negativo,"@Carlos_Moltini @fibertel hace ya m√°s de 15 hs que hice un reclamo y sigo sin poder acceder al sitio que quiero, con cualquier otro ISP se puede. Necesito soluci√≥n urgente."
Negativo,@fibertel @CableFibertel zona devoto sin servicio usuario Pablo Cappone por favor lo necesito para laburar
Negativo,"Hola, me funciona mal internet desde temprano, llame dos veces y las dos veces mientras hablaba, pasados 15 minutos me cortaron, estaba haciendo el procedimiento de desenchufar y eso...necesito que lo solucionen sin perder tanto tiempo, gracias @CableFibertel @fibertel"
Negativo,"Cuando quieren, @fibertel y @CableFibertel son un corso a contramano... los mandas a espiar y tocan timbre.. https://t.co/U4n3AVFFHC"
Negativo,"Respuesta de @fibertel ""Gonzalo, me acaban de informar que nuestro m√≥dem no tiene acceso al Ftp que quer√©s acceder. Tampoco es posible tener una Ip fija, ya que nuestro equipo por defecto vienen ya de f√°brica. Saludos!"" INCREIBLE LO IN√öTILES Y LADRONES"
Negativo,@fibertel üò°üò°üò°üò°üò°üò°üò°üò°üò°üò°üò°üò°üò°üò°üò°üò°üò°üò°üò°üò° Quiero que me den el SERVICIO por el que pago una FORTUNA!!!!!
Negativo,"@buentelefe hace comunicaci√≥n con @SilvanaGiudici del @ENACOMArgentina y ... no hay buena se√±al, se corta la comunicaci√≥n. No tiene remate. Lo que me hace acordar a lo mal que funciona @fibertel porque todo me lleva a ellos ..."
Negativo,"Ahora que @fibertel en monopolio de internet, te fobran una fortuna por un servicio que no funciona üò°"
Negativo,"@____KAOS_____ @CableFibertel @fibertel me descarga a 4 mbps, con suerte 4.4"
Negativo,@claudiosavoia @MariaLujan_Rey 5to d√≠a e internet sigue andando mal @fibertel PONGANSE LAS PILAS!!! espero que esta vez que venga el t√©cnico no me haga reiniciar el router como todas las veces y se tome el palo
Negativo,"La re putisima madre que te pari√≥ @fibertel . Hace d√≠as estoy con la se√±al que va y viene, se pueden ir a la puta que los pario. Ma√±ana me bajo."
Negativo,@fibertel cada d√≠a anda un poco peor
Negativo,No saben lo que me estresa pelearme con @fibertel para que me brinden el servicio que pago. Estoy harta realmente.
Negativo,@fibertel hace dos horas q no tengo internet
Negativo,@fibertel no me anda internet y estoy hace 40 min en l√≠nea de espera en el tel√©fono
Negativo,@fibertel La respuesta fue totalmente insuficiente.
Negativo,Che @fibertel estoy hace dos horas con corte de internet y no puedo trabajar...
Negativo,@CableFibertel @fibertel Un desastre el servicio. La 2¬∞ vez que no hay servicio en la semana. Y cada vez sale m√°s caro. Una verg√ºenza.
Negativo,@ENACOMArgentina Porque no ayudan al usuario como lo tienen que ayudar @fibertel van tres dias este mes que no me da internet y no me atieneden ni me dan numero de reclamo que hago sigo sin internet?
Negativo,@fibertel Hoy cortes y muy baja se√±al. Hablando de baja si seguimos as√≠ dar√≠a de baja al servicio. Espero soluciones
Positivo,"@fibertel les hable por dm, gracias"
Negativo,"Son una reverenda bosta, hijos de la mierda, brinden un servicio como corresponde. Nadie les paga tanta plata para que funcionen tan como el orto, monop√≥licos, garcas e inoperantes de mierda. Arreglenme el internet o p√°guenme el abono del tel√©fono soretes @fibertel"
Negativo,Otra vez @Fibertel sin servicio. Y responde una m√°quina. Ayer y hoy lo mismo
Negativo,@fibertel  La concha de tu madre! Que empresa ineficiente!
Positivo,@PeraltaTincho @fibertel Ya andaaa
Negativo,Queres ver @YouTube o @NetflixLAT ? No contrates @fibertel porque te va a pasar esto #Estafa #PesimoServicio https://t.co/yG47D4OjbN
Negativo,Una noche m√°s que @fibertel me deja sin servicio. 9 d√≠as corridos que me cortan el servicio que me cobran por adelantado. Esta semana me cambio de proveedor.  #estafa #fraude #robo #ladrones #mentirosos
Negativo,"@CableFibertel @fibertel Hola!! una vez m√°s, P√âSIMA se√±al del servicio durante toda la tarde. Me podr√°n informar qu√© sucede? muchas gracias"
Positivo,"@PatriciaGobbi @fibertel Te respondimos por DM, saludos."
Negativo,@fibertel qu√© porquer√≠a el servicio de wifi ..... porqu√© se corta tantooo!??
Negativo,@fibertel la concha de tu madre hace 2 dias estoy sin wifi
Positivo,@asilvarossi @fibertel Te respondimos por DM.-
Positivo,@CableFibertel @fibertel Ya fue respondido.
Positivo,@RuSzuchmacher @fibertel Tuve que hacer reclamo on line y ah√≠ si me dieron bola
Negativo,Uno llama a @fibertel que no funciona y no hay modo de que te atienda una persona. Hacen tiempo para que uno siga pagando un servicio deficiente.
Negativo,@fibertel buenas. Desde ayer no tengo internet. Se ponen las pilas y lo solucionan? Gracias!
Negativo,@Joaco_bustamant @fibertel M√°s que fibra √≥ptica usan crayones estos hijos de puta
Negativo,"@NegroBordon @fibertel Nos dejo rengos, que se metan la fibra √≥ptica en el ojete"
Negativo,Ni @lacasadepapel hizo un robo tan grande como ustedes @fibertel
Negativo,@Joaco_bustamant @fibertel √©l es un visionario y predijo la bronca que yo iba a tener en este momento
Negativo,@fibertel la concha de tu madre
Negativo,@fibertel si ser√°n soretes que no dejan jugar un puto partido del fifa tranquilo que se cae todo su wifi de mierda la puta que los pari√≥
Negativo,@fibertel mediocres hijos de puta. Que servicio pat√©tico ofrecen. Vive m√°s ca√≠do que mis pelotas cuando los llamo al 0800. Forros
Negativo,@fibertel prefiero que me operen a coraz√≥n abierto con una cuchara oxidada antes de volver a contratar su servicio. Pedazos de hijos de puta
Negativo,Caen 2 gotas y @fibertel ya cag√≥ fuego
Negativo,Mas de un mes hace que @CableFibertel @fibertel tiene que arreglar la conexi√≥n de Internet que andaba intermitente. Ahora hace del s√°bado que estamos sin servicio y  no arreglan nada! #ServicioDeMierda
Negativo,@CableFibertel @fibertel como siempre me dejan colgada a la mitad de las consultas o reclamos!!!
Negativo,@DNDConsumidor @fibertel @CableFibertel sigo sin respuesta
Negativo,"D√≠a a d√≠a aumenta tu monopolio, d√≠a a d√≠a empeora tu servicio.  La puta madre @CableFibertel @fibertel. Den un servicio decente!!!"
Positivo,@fibertel @CableFibertel Ya est√°. Gracias @CableFibertel
Negativo,Son un desastre @fibertel
Negativo,@fibertel te odio a vos y a tu servicio de mierda
Negativo,Qu√© desastre el servicio @fibertel
Negativo,La concha de tu madre @fibertel
Negativo,"@miguealem @fibertel Son unos culeados, los llamas y tardan tres horas en atenderte y te hacen apretar mil botones."
Negativo,"@CableFibertel @fibertel manga de estafadores, soretes."
Negativo,"@fibertel no me dejan terminar de ver la serie, los odio. Son el peor internet q existe üñï"
Negativo,"Me hart√© que ande mal wifi, HARTA! @CableFibertel @fibertel"
Negativo,@fibertel sos una pija vos y tu servicio la concha de tu madre
Negativo,Para variar una noche m√°s en la que el servicio de Internet de @fibertel no funciona..... Ya cansa esto....
Negativo,Puede andar m√°s para la mierda @fibertel
Negativo,"Hola @fibertel estar√≠a bueno que funciones, ya van como 3 horas sin internet"
Negativo,@fibertel p√©simo servicio. Hace una semana que me tienen dando vueltas con una instalaci√≥n. Nadie se hace cargo.
Negativo,"Todo el tiempo lo mismo @fibertel, tu servicio es horrible y car√≠simo por nada. https://t.co/vVxaWCv2LR"
Negativo,Como me voy a quedar sin internet ahora la re concha de tu madre @fibertel
Negativo,@fibertel podes andar bien la reconcha de tu madre
Negativo,"@matiguevara_ @fibertel es incre√≠ble amigo.. no pueden brindar un servicio as√≠, es impresentable de verdad"
Negativo,Sres @fibertel sin servicio desde ayer
Negativo,@fibertel no me anda internet¬°!!!!!!!!!
Negativo,"@fibertel buenas tardes, el d√≠a de ayer estuve pr√°cticamente todo el d√≠a sin internet, soy d Ramos Mej√≠a, les paso mi n√∫mero de cliente?"
Positivo,@DNDConsumidor @fibertel Gracias!!
Negativo,@vwargentina Ya env√≠e mi datos por mensaje privado y nada
Negativo,@vwargentina Se me rompi√≥ el sistema de embrague con menos de 1 a√±o y medio de uso todo en ciudad . La garant√≠a es s√≥lo es para los primeros 6 meses. Menos mal que no la use en el campo. Me duraba 2 d√≠as!
Negativo,@vwargentina @gbruno2201 Lo mismo me pasa a mi. No dan respuesta! Saludos
Positivo,Te llevamos a visitar la planta de  @vwargentina en Pacheco. Ingresa a nuestro grupo en Facebook y ent√©rate! https://t.co/YyK2AhIyPP https://t.co/83Sskrwr6V
Positivo,#Volkswagen anuncia nuevas #financiaciones y #beneficios durante octubre @vwargentina - Combustible gratis hasta fin de a√±o y financiaci√≥n a tasa 0% a 24 meses. L√©elo en la web de @InfoAutoAr (https://t.co/nZamTgTBaL) https://t.co/M7GsAj6KeL
Negativo,"No solo eso, habiendo pagado, mas o menos 75/80 mil pesos. Finalmente les retire el auto, lo hice todo con plata de mi bolsillo por el 20% del valor que te pasan ellos y con repuestos originales. @vwargentina  @carone No hagan services oficiales!! Te roban la plata!! https://t.co/dNtCLad4O7"
Negativo,"Les recuerdo a todos los que no vieron mi Tweet de la semana pasada, que @vwargentina  ni @CARONE  cumplen con las garant√≠as de los autos que venden. Aviso, a mi, con el 100% de los services cumplidos al pie de la letra no me cumplieron y te llenan de excusas."
Negativo,"@vwargentina 4) Ahora (50.000km aprox) tengo colgando una de las patas de la caja , se sali√≥ el tornillo entero"
Negativo,"@vwargentina  GOL POWER 2013  1) Entre los 25.000 y 30.000km , se gastaron las 4 cubiertas  2) Menos 30.000km, se fisur√≥ 5 o 6 veces el multiple de escape (brida a la salida y en el cuerpo mismo)  3) Menos 40.000km, cambio 4 amortiguadores nuevos."
Negativo,@vwargentina GOL POWER 2013 - todos los problemas juntos en menos de 60.000KM!!!!
Positivo,@DiegoDaorden @vwargentina No tengo dudas!! Polo tambi√©n es un ca√±o. Un fierrito.
Positivo,"@NinaPergolesi @vwargentina Polo... Tengo un 1.9D que lo amo, y mi bolsillo m√°s"
Positivo,"@DiegoDaorden @vwargentina Siempre gan√≥ por goleada diego. üí™üèªcomo me gustar√≠a verlos con un equipo oficial. Autos nobles si los hay, gol, voyage etc."
Negativo,"@vwargentina DECEPCIONADA CON LA MARCA, NUNCA MAS!NO RECOMIENDO LA MARCA NO AYUDAN CUANDO LAS COSAS LES SALEN MAL pero cuando tienen que vender son los primeros..NO RECOMIENDO LA MARCA. A las Suran HIGHLINE No le anda la bateria,las cambian y siguen sin funcionar y NO SOLUCIONAN"
Positivo,Muy bien @vwargentina Calidad asegurada dando fe por expericiencia https://t.co/xuoCIZg32r
Positivo,@cristianre78 @lauraviajera @vwargentina Yo tengo un Polo gasolero y zaf√≥ del esc√°ndalo... no se metan con el 1.9. Ca√±√≥n!!!
Positivo,"#Volkswagenfest M√°s beneficios en Octubre, financiaci√≥n a tasa 0, combustible gratis, beneficios en seguros y postventa, entre otros @vwargentina @VWAmarokArg https://t.co/kghNFZMtpN https://t.co/EW1zSMFBea"
Positivo,"@lauraviajera @DiegoDaorden @vwargentina Y, digamos la verdad, el Volkswagen es un ca√±o. Yo tengo un Gol y no te deja tirado jam√°s."
Negativo,"Si hacemos una competencia de ineficiencia, en el podio habr√≠a un empate entre @vwargentina y @BNPPCardifARG entre ambos no se pueden pasar UN MAIL hace casi dos meses! Felicitaciones! Tienen mi direcci√≥n para buscar el premio!! üò°üò°"
Positivo,Oktober Fest en VW !!  @vwargentina super√≥ las 100.000 ventas en la Argentina y lo festeja en octubre con m√°s beneficios exclusivos. 101.722 unidades patentadas en lo q va del a√±o es motivo para seguir el VW Fest https://t.co/htgZ8AyQ9h
Positivo,"@DiegoDaorden @vwargentina Ya lo tengo comprobado. Yo soy hiperfanatico de Renault, desde el Torino para aca, pero hace por lo menos 15  a√±os estoy con la VW en varios modelos y versiones. Funcionan a pasto y agua"
Positivo,"Desde hace unos d√≠as, cuando vamos al colegio con mis hijos, empezamos a jugar a decir y contar las marcas de los autos que vemos. @vwargentina gana por afano, mal. Por cada 10 autos, seis son VW. Hagan la prueba con los suyos... ¬°¬°¬°Y la marca no est√° en el automovilismo!!! https://t.co/ZIoMWYpdzr"
Positivo,"Contin√∫a durante octubre la campa√±a de beneficios exclusivos @vwargentina . Tasa 0%, seguros, posventa, combustible gratis etc. ""VolkswagenFest"" @Mitreylosautos @MartinMassimino @sorroconese @mgq @tomasamorena https://t.co/CJ9IOMJzzw"
Positivo,Volkswagen Argentina ya super√≥ las 100.000 unidades vendidas en el a√±o y contin√∫a con el VW Fest https://t.co/XpA9hP0e6A @vwargentina @tomasamorena https://t.co/29oHgXSlkC
Negativo,Y estoy pagando 3 lucas de seguro como si tuviera una ferrari la concha bien de tu madre @vwargentina hijos de mil puta atiendanme el tel√©fono
Negativo,"Fui, compre el Auto, vento 1.4 en car one pilar a @vwargentina hice 7 services oficiales, valor mas /menos por los 7 seran 75/80 lucas, a la primera que tenian que poner ellos, te llenan de excusas y te quieren cobrar un dineral! Y la gtia.? No hagan services oficial Chantas mal!"
Positivo,I am intuitive: Volkswagen destaca la tecnolog√≠a y conectividad del T-Cross con un nuevo teaser https://t.co/8vxtfPbM0m @vwargentina @tomasamorena https://t.co/VbeQamuR5M
Negativo,"@vwargentina Por que no existe un servicio postventa y service oficial en la zona de Tartagal, pcia. de Salta?? Hay que hacer 400 km para hacer un service"
Negativo,"@vwargentina hola. Necesito resolver un problema. El seguro de desempleo me esta pagando la cuota del auto, pero no el seguro. Desde haimovich parana me dicen q necesito unos cupones en blanco para poder pagar. Yo no tengo esos cupones y hasta la fecha no me han resuelto. Gracias"
Negativo,@vwargentina y @EscobarVW NO se hacen cargo de las garantias de los 0km. Ojo al piojo.
Negativo,@espasa @vwargentina x dm me dijeron 72 hs para responderme. hoy 1 semana y nada. seguir√© esperando a que respindan. gracias por v/atencion.
Positivo,@VW_es Una pedazo de m√°quina de @VW_es  @VW  @vwargentina
Negativo,@vwargentina la concha de tu madre
Positivo,"@mperezpelaez @ElReflector1 @MonitaPrensa ah√≠ estaremos !!!! @Burgwagen @RevistaCentral1 @vwargentina @MonitaPrensa , sin dudas uno de los lanzamientos del a√±o !!!"
Negativo,"@vwargentina La mejor marca, la peor atenci√≥n. No atienden nunca los tel√©fonos de autoahorro hasta 90 min de espera...y la pagina web hace mas de una semana que no funciona el estado de cuenta, no me permite cancelar el plan.. Despu√©s se quejan que no venden"
Negativo,"@vwargentina La mejor marca, la peor atenci√≥n. No atienden nunca los tel√©fonos de autoahorro hasta 90 min de espera...y la pagina web hace mas de una semana que no funciona el estado de cuenta, no me permite cancelar el plan.. Despu√©s se quejan que no venden"
Positivo,Hoy socios de #Aapresid disfrutaron del test drive de la Amarok V6 Comfortline Gracias @vwargentina por dejarnos formar parte de este jornada! #ExperienciaAmarok https://t.co/gyrsIHkKYb
Negativo,@vwargentina Horrible y trisitismo el mensaje de esta publicidad. #NuevoVento #VW
Negativo,@vwargentina  Cumplan con la garant√≠a de sus vehiculos!! Hacer los services oficiales no sirve de nada!! Siempre la dibujan y cobran mas del doble que un taller normal. El d√≠a que pasa algo se hacen los giles y siempre tienen excusas. Me pas√≥ en Car One de Panamericana!
Positivo,"*se port√≥ y nos trajo de vuelta a casa. Los felicito por el equipamiento y estabilidad de la Camioneta, nos trajo De Gral Acha a Merlo Bs As. M√°s de 700 km. Grande @vwargentina"
Positivo,@HorizonteA @juancarlosgrasa @VWAmarokArg @carolina_jalon @vwargentina Muy linda invitaci√≥n!
Positivo,Volkswagen Argentina brinda una serie de oportunidades y beneficios a su clientela para toda su gama de productos en el mes de octubre. cc @vwargentina https://t.co/4ByHON0NcZ https://t.co/0Eq6N9Lr5f
Negativo,@vwargentina No atienden al 0810. Por mails no contestan.  Como me comunico para recibir respuesta?
Negativo,Dejen de aumentar el auto hijos de puta @vwargentina
Negativo,Pasan los a√±os y cada vez odio mas a @vwargentina y la incompetencia con la que se manejan. Sumamente insatisfecha. #LoDije
Negativo,@vwargentina #sonunavwerguenza complices de la agencia ALRA S.A.  mentiras 24 x 7 se lavan las manos.
Negativo,"Sigo esperando respuesta de @vwargentina No le recomiendo a nadie que se meta en un Plan. Una vez que est√°s adentro, destrato total con los clientes. @DNDConsumidor"
Positivo,[INFORME] @vwargentina se qued√≥ con el N¬∞1 en ventas en el mes de septiembre ‚ñ∫https://t.co/fmQ0Ikv8xL https://t.co/qg9NRMBD6b
Negativo,"@vwargentina 14:03 te envi√© el mensaje privado como me pediste, sigo sin respuesta.."
Negativo,"@vwargentina les mand√© DM,mail,por tel√©fono NO solucionan el problema y la web desactualizada. DESASTRE. Necesito una respuesta urgente HOY"
Negativo,@gascampana @SebaFernandezB @vwargentina A nadie le importa un cuerno. La Pxma vez no compres esa marca de auto. Quien no tiene posventa no se le compra nada. Son unos turros
Negativo,Tan dif√≠cil es conseguir el repuesto de un broche de cintur√≥n de seguridad @vwargentina ? Hace una semana que me vienen dando vueltas... ‚Äúnada satisfactoriamente‚Äù ser√≠a mi respuesta a la consulta sobre mi experiencia. https://t.co/IFLuacpbuw
Positivo,Promociones: combustibles gratis y otros beneficios de @vwargentina   https://t.co/1Vw6tvWLZe
Negativo,@Apple estafa
Negativo,@Apple Bienvenido al consumismo mejor dicho.
Positivo,@shakesporrillo @Apple Los nuestros tambi√©n vienen con garant√≠a larga y puedes conseguirlos a ese precio ;)
Positivo,La fotograf√≠a nocturna del @Apple Iphone XS Max es una pasada! Brutal el cambio en este aspecto concreto üîùüîùüîù https://t.co/TDS8cqmGpF
Negativo,@Apple Bajarlo de precio! Estamos locos!? Ni con el nuevo sueldo m√≠nimo!! üòÇüòÇüòÇ https://t.co/hdSe9RTJNt
Positivo,"@CertidealES @Apple Mejor comprar uno nuevo de 200 euros que viene con garant√≠a y te va a servir para lo mismo (llamar, que te llamen y mandar whatsapp) y te ahorras un dinerito. üòè"
Positivo,@omargcasanova @WhatsApp @Apple Si te van a leer
Positivo,"@Apple te amo, pero qpd con qu√© est√°s sacando Software cada 3 d√≠as? üôÉ"
Negativo,"Mucho cuidado! Circula un correo fake de la Apple Store; indicando una supuesta compra y que pide confirmar o cancelar abriendo un PDF adjunto, es #Pishing ya que abre una web fraudulenta para gestionar el Apple ID @Apple @AppStore https://t.co/SSWtlFTv9x"
Negativo,A veces me da la impresi√≥n de que @Apple hace al fregadazo sus actualizaciones de iOS y luego vienen los parches de ‚Äúx‚Äù correciones de errores. üòë
Negativo,"Supongamos que se quedan sin espacio en su iPhone o Macbook, se compran espacio en iCloud. Proceden a borrar las cosas de sus dispositivos asumiendo que ya est√°n resguardados en la nube, no, se borra tambi√©n de iCloud y pierden su informaci√≥n. Son unos putos genios, @Apple. Bravo"
Negativo,La c√°mara frontal del iPhone X‚Äôs est√° UNA MIERDA. Se devolvieron al iPhone 6 otra vez @Apple
Negativo,Mil y un fallas con el #iPhoneXS o el #IOS12 o de ambos pero de verdad se tienen que corregir varias cosas!! @MxApple @Apple y eso para aplicaciones nativas!! Pues qu√© pas√≥??
Negativo,"Una vez m√°s  @Apple decepcionando, no puede ser que inviertan m√°s de 5 millones de pesos en un tel√©fono que no carga, o que cada semana o cada 15 d√≠as tengan que actualizar el iOS de los dispositivos no por el avance tecnol√≥gico, sino, para corregir errores. ¬°Vergonzoso! üò°"
Positivo,"Tan bueno es el servicio al cliente de @apple que te da la opci√≥n de elegir el tipo de m√∫sica que prefieras en lo que esperas a que te atiendan, son peque√±os detalles pero hasta eso cuidan."
Negativo,@Apple porque me hacen cargos a mi tarjeta que nunca autorice y que nunca existieron üò°üò°üò°
Negativo,nose si cpn la plata de mis quince comprarme una csmara o un celular O HACER ALGO CON ESTE PORQUE NO ME CARGA Y NO ES EL CARGDOR ES RL CELULAR @Apple SOS UNA PORONGA
Negativo,hacer las baterias mejores por favor @apple
Negativo,¬øPrimero los cables y ahora aud√≠fonos? @apple deber√≠a vender cosas de mejor calidad con esos precios üòí
Positivo,No saben que m√°s hacer para superar a @Apple https://t.co/AgV0UGg8sn
Negativo,"@elcorteingles @Apple No tienen stock y siguen vendi√©ndolos , desde el 27 de septiembre pedido , primero que el 12/10 y despu√©s que se retrasan hasta el 26/10. Un desastre de empresa en canal online."
Negativo,@Omarpy202 A @Apple no gustar esto jajajaj in your face #timcook
Negativo,"Como matas un producto, con otro producto, eso hizo @apple con el XR @MARCIANOPHONE @ProfeJuANTONIO @Apple5x1"
Negativo,"@FlashPCT @mrodriguezott @Apple Eso espero , por que es una pena que tenga muchas opciones desactivadas importantes del iPhone todo por ahorrar bater√≠a ."
Positivo,@SamuCastro1425 @mrodriguezott @Apple iOS 12 se enfoca mucho a la estabilidad. Ya viene lo mejor
Negativo,@FlashPCT @mrodriguezott @Apple Confiamos ! Pero yo llevo as√≠ desde que sali√≥ iOS 11 . Con iOS 10 esto no pasaba ! @Apple
Negativo,"Valiente mierda el soporte tecnico de @Apple Llevo un mes sin un movil el cual estoy pagando, lo enviado dos veces y siguen sin corregirme el fallo! Me informare y pondre las quejas oportunas @AppleSupport"
Positivo,@FlashPCT @mrodriguezott @Apple Ok gracias
Negativo,@mrodriguezott @FlashPCT @Apple Yo pienso que iOS 11 es igual que peor jajajaja
Negativo,Pinche @Apple de mierda de nada sirven las putas alarmas de sus dispositivos si no van a sonar cuando tienen que sonar. üñïüèªüñïüèªüñïüèª
Negativo,"@ferlajara @Fernando5x1 @Apple Yo tengo un iPhone 7 con menos de un a√±o y ya te digo la bater√≠a no me dura nada , tengo muchas opciones desactivadas con el fin de poder ahorrar algo y el modo ahorro activado. @Apple"
Negativo,@Apple Estoy tan arrepentida de haber adquirido Apple Watch serie 3 ya que afecto a mi l√≠nea de @telcel y a 3 meses no me dan una soluci√≥n no se que ya hacer porque sigo pago algo que no me funciona
Positivo,Gracias @apple por estos JAMS üî•üòõüíÄ https://t.co/vQHm1fX9Ls
Negativo,"Despu√©s de instalar Mojave, no puedo acceder a mi sesi√≥n. Gracias por el mal d√≠a @apple y los que faltan. https://t.co/vev76Qqd0p"
Negativo,"@Apple Esta carisimo, que locura."
Negativo,C√≥mo le puedo decir a @Apple que no me gust√≥ la interfaz de fotos de icloud de iOS 12? Era mejor la anterior
Negativo,@Apple y su maldicion de los aud√≠fonos inc√≥modamente dolorosos y sus cables del diabloüö´
Negativo,Muy mal no poder escuchar m√∫sica y cargar el celular al mismo tiempoüò°üò°üò° @apple
Negativo,"Hola @Apple, @iShop_Mixup tengo un inconveniente con la duraci√≥n de bater√≠a del  iPhone XS, al momento de comprarlo me mencionaron que las duraciones de la bater√≠a ser√≠a de hasta 20 hrs, lamentablemente la duraci√≥n de bater√≠a de mi equipo solo es de 10 hrs, ¬øque puedo hacer? https://t.co/vjv7eBtZOI"
Negativo,Estoy odiando el nuevo macOS Mojave. Vive reinici√°ndose üò≥üî´@Apple @AppleMxico
Negativo,"Una tristeza lo que est√° haciendo #TimCook con .@Apple  Pareciera que solo quiere arrancarte la mayor cantidad de billetes, si por alguna raz√≥n quieres ser fiel a #iPhone. Ya de forzarte a reparar tu #MacBookPRO con ellos mejor ni hablamos.  #WorstCEOever  https://t.co/3DtQEZA3Zi"
Negativo,No puede ser que siga fallando whats @WhatsApp @Apple son una mierda
Negativo,Que no os voy a comprar el puto m√≥vil hostia @Apple https://t.co/MqWW5q4Ge2
Negativo,@Apple Dicen que su software y su bater√≠a valen pa pura verga
Negativo,Es en serio @Apple? Ya no encuentro fundas para iPhone X!! üòû
Negativo,@maza_sr @MacStoreMx @Apple No sea metiche cabron! Por cierto mismo servicio que iba tardar 3-5 d√≠as en la Macstore y 15 mil pesos; me lo hicieron en una hora y por menos de la mitad! Y funcionando perfecto mi MacBook! ‚ÄúGran servicio‚Äù de las Macstore ! Muy acorde al precio de los productos !
Positivo,¬øOs he dicho ya que estoy enamorado del Calendario en el modo oscuro de #macOS #Mojave? Pues eso. Gracias @apple ‚ù§Ô∏è‚ù§Ô∏è‚ù§Ô∏è https://t.co/HaD9LHRmFA
Positivo,@Apple me encantan los iPhone
Positivo,"@MacStoreMx @AlexdelPaso @Apple Amigos de Mac, no caigan, mi amigo Alejandro se queja de todo todo el tiempo seguro solo quiere cosas gratis!!!!!"
Positivo,Acabo de experimentar algo y la  respuesta fue muy acertada. Muy bien Siri muy bien @Apple  Hasta ella lo sabe üòÇ https://t.co/geSXSl5xiF
Negativo,@Abrakhadaver Acabo de mirar en la web de @apple y no encuentro la carcasa con bater√≠a el iPhone Xs ü§¶üèª‚Äç‚ôÇÔ∏è
Negativo,"@Apple Habr√© visto ya este anuncio como 30000000 millones de veces cada pocos tuits, de tanto verlo le he cogido un asco bestial a los nuevos terminales de Apple. Os hab√©is pasado de rosca, el exceso de publicidad ejerce el efecto contrario al deseado."
Positivo,"@CarlosBeneyto @Apple A mi me ha ido fin√≠simo el Air, el mejor portatil que he tenido, sin duda. Pero llevan sin actualizarlo desde 2015, no?"
Positivo,@jberlana @Apple Pues me va estupendamente bien la verdad y no me quer√≠a gastar +450‚Ç¨ de la diferencia con el pro. Pero tuve que cambiar forzosamente
Negativo,"@elcorteingles No os fi√©is mucho. Yo compre a @elcorteingles un @Apple watch. Compromiso de entrega ‚Äúantes del 11 de octubre‚Äù ayer, me retrasan 15 d√≠as el compromiso de entrega, sin m√°s explicaci√≥n ni compensaci√≥n. Lo sienten, y puedo anular pedido. Yo quiero el reloj!"
Positivo,@Timely91 @Apple Eso har√©. @Apple muchas gracias
Negativo,@Apple Note 9 es mejor
Negativo,"Asi trata a sus clientes .@Apple ü§Æ  Como ven #iPhoneX 64Gb de remate en $7,999  Muy probablemente esta siguiendo el camino de #BlackBerry y es tan ciego #TimCook que no se ha dado cuenta."
Negativo,TENER QUE FORMATEAR UN DISCO DURO EXTERNO PARA CAMBIAR EL FORMATO POR QUE MAC NO ACEPTA NTFS PERO POR QUE @APPLE HAC√âIS ESO QUER√âIS MATARME O QUE PASA
Negativo,@Apple c√≥mo la cagaron con la entrada de los auriculares y cargador igual! No puedo escuchar m√∫sica y cargar el celular al mismo tiempo. Todav√≠a los auriculares inal√°mbricos salen m√°s caro que un celular nuevo!  #apple #iphone
Positivo,@opinatecno @Apple Esa es la Apple que conozco .la que nos da soluciones en lo que canta un gallo...saludos !!!
Positivo,"@anavictoriaga iPhone por sobre todo !! Y toda la infraestructura de @Apple hace de mi trabajo y vida m√°s f√°cil,  No me cambiar√≠a por nada !!"
Negativo,"@CompaEVLN @backstreetboys @onedirection @Apple No mames. Neta, est√°s argumentando mucha pendejada."
Negativo,"¬øAlguien m√°s est√° harto de la cantidad de cables y adaptadores que se necesitan para usar una MacBook? @Apple Y para el celular, o lo cargas o usas aud√≠fonos. Hay algo mal ah√≠ ¬øno?"
Negativo,"@Apple Dejaros de pantallas de mierda, mi pantalla inrrayable est√° rayada.... buscad soluci√≥n a la actualizaci√≥n de iOS que se carga la bater√≠a!!!!!"
Negativo,"S√∫per arrepentido de haber comprado un MacBook de @Apple , esto es para ricos que no les importe o duela el dinero! Un simple error y se va todo al garete! üòûüòûüòûüòû"
Positivo,"@michipanero1801 @PuercoMorado @Apple Cada quien es libre de usar el equipo que prefiera, sin embargo, los que saben donde est√° la mejor tecnolog√≠a nos prefieren a nosotros. üòé"
Positivo,@Apple te amo
Negativo,"Las @MacStoreMx abren a las 11 pero servicio cliente no abre hasta las 12, si no llevas el documento te cobran 200 pesos... eso agregando que me quieren cobrar 15mil por repararle una tarjeta flash a mi MacBook (ni lo que vale la computadora)! Que asco de servicio @Apple"
Positivo,#Siri de @Apple la tiene muy clara.  #ColombiaMarica https://t.co/pQi9w8wc5I
Negativo,@Apple que mala la actualizaci√≥n que mandaron üò°
Negativo,@Apple Ahora si se pasaron est√°n car√≠simos
Positivo,Creo que @Apple no le ha apostado a mejorar su camara!!! Hasta no ver un cambio significativo regresare a #apple. https://t.co/ZQAapxHtqJ
Negativo,Ni un a√±o ha pasado de que compre mi IPhone 7 y ya se descarga r√°pidamente la pila y se calienta üò°@ServicioTelcel @Telcel @Apple @Profeco
Positivo,@pencil_ilustra @ElGranApagon @Apple üòç ¬°Lucen bien en cualquier sitio!
Negativo,"@OMsjG @Apple Diooooos, odio eso tambi√©n. Te deja sin poder usarlo un buen rato cada vez que se acaba la bater√≠a..."
Negativo,"Lo unico que le falta a los airpods es poder subir y bajar el volumen, ya sabeis @Apple cabrones"
Negativo,"Que desastre actualice mi iPhone y est√° funcionando muy mal,@apple est√°n perdidos!!!!"
Negativo,"Atenci√≥n penosa en Apple Puerta del Sol. 40 minutos esperando (y lo que queda) para recoger un pedido online, para el que ellos mismos me han avisado ayer diciendo que ya estaba disponible. Un desastre. @Apple"
Positivo,@cigmx @tuQuejaSuma @Apple @AppleMxico yo lo actualic√© y anda Perfecto
Positivo,@Apple Gracias pero yo soy amante de las pantallas m√°s peque√±as. Enamorado de mi SE y esperando nuevo modelo üòä
Negativo,@Google @Apple Aprended a hacer m√≥viles por favor
Negativo,@Apple Podriais ppner una bateria que valga la pena porfavor
Positivo,Original Sin... la Apple I fue la primera computadora vendida por @apple en 1976 y sent√≥ las bases para una de las compa√±√≠as que cambi√≥ definitivamente la industria ~ . . . #apple #applei #computer #personalcomputer #stevejobs #wozniak #history https://t.co/TnmPxhAvVx https://t.co/wnZuBx1819
Negativo,el nuevo teclado con la actualizaci√≥n QUE HORROR @Apple se pueden ir a la caca
Negativo,mira honestamente me cago en vuestro servicio t√©cnico de mierda mamonazos @Apple
Negativo,@Apple otra basura con nombre distinto https://t.co/eZlxFLEmJj
Negativo,"Os puedo asegurar que cada vez que actualizo me sale, el acoso es real @Apple basta yaüò© https://t.co/9RX5Mda8yq"
Positivo,gracias @Apple https://t.co/uRTLYNK3Sy
Negativo,Con la novedad de que el cambio de la pieza da√±ada de mi MacBook cuesta 15 mil pesos! Y mi compu al d√≠a de hoy no vale m√°s de 12-13 mil! @Apple algo no me cuadra! ü§î creo que es un robo vil y descarado lo que cobran de servicios!
Negativo,Yo tambi√©n tengo esa falla #iphone7Plus despu√©s de actualizarlo al ios12 dejo de funcionar el audio @Apple somos muchos afectados y nos quieren cobrar por el reemplazo!! @AppleMxico necesitamos su ayuda @tuQuejaSuma https://t.co/UaN1TxMAZ5
Negativo,"@samsungmobilemx @Apple y @SamsungMexico ya es lo mismo, ya no sorprenden, s√≥lo agregan memoria ,un nuevo nombre, publicidad y pum 5,000 pesos m√°s. Se siguen fiando de sus ""fieles"" clientes, no se dan cuenta que ya hay mejor competencia, se est√°n tirando a dormir."
Negativo,@Apple menuda casta√±a los AirPods a los 6 meses la bater√≠a de cada auricular dura 2 horas como mucho .. imag√≠nate en medio de una conversaci√≥n telef√≥nica ... una decepci√≥n .. nunca mas
Positivo,"Como usuario @Apple me alegra que @MacCenter abra tienda en @nuestrouraba y con gran expectativa, no veo la hora de estar viendo estos productos ofrecidos al p√∫blico de la regi√≥n. Gracias por creer en #Urab√°"
Negativo,@Apple la concha de tu madreeeeeeeeeeeee
Negativo,"Tampoco me permiten probar el equipo, por que me lo entregan completamente sin pila ! @Apple @Profeco @iShop_Mixup https://t.co/PCtRBUd9V2"
Positivo,"@anavictoriaga .@anavictoriaga IPHONE, no por qu√© sea mejor, todos son buenos pero la forma de usarlo es m√°s f√°cil y el flujo de trabajo en un entorno @Apple es bastante agradable y fluido. A mi me funciona bien, depende de tus necesidades ser√° el equipo pero seguro ese te acomodar√≠a muy bien."
Negativo,"@vodafone_es @apple llevo 5 d√≠as sin mi iPhone. Es como si llevara un mes.... decidme que d√≠a me lo vais a llevar a la tienda arreglado, porfavor!!!!! NO PUEDO MAAAAASSSSSSSSSSSSSS üëäüèªüò•"
Negativo,Solo dejo mis √≥rdenes ah√≠! Y llevo m√°s de 40 min aqu√≠ @Apple @Profeco @iShop_Mixup https://t.co/ApEprtvytj
Negativo,Continuando con mi drama en @Apple llegue y todas las personas de servicio se fueron!
Negativo,@Apple Se perdi√≥ la esencia del iPhone.  Parece un Samsung y no es mamada.
Positivo,@Latanace @Apple @el_pais Los de Apple hacen milagros... Crucemos los dedos ü§ûüèªü§ûüèªü§ûüèªü§ûüèª
Negativo,"@Apple Mi opini√≥n es que para hacerse 4 fotos, escuchar m√∫sica, leer los peri√≥dicos , visitar alguna que otra p√°gina , usar el navegador , wassup y las 4 app de moda aparte de alg√∫n q otro juego no hace falta un m√≥vil de 1700 euros"
Negativo,"Que frustracion, nadie sabe nada del @apple watch series 4 con @Telcel..."
Negativo,Tengo la actualizaci√≥n de iOS y sigo con el mismo problema del Bluetooth Ô£ø @Apple @AppleSupport @Apple5x1
Negativo,@Apple Me estoy deprimiendo
Negativo,#TomaNota  @Apple ya no te dejar√° reparar tu Mac por tu cuenta üò§  https://t.co/l7lj2wirMC https://t.co/S0to6rusl8
Positivo,"@Apple Excelente propuesta , funcionarios de la Adm p√∫blica deben participar"
Negativo,"El notch es el peor invento de la humanidad, gracias @Apple"
Negativo,@Apple Os cuesta 50 hacer uno y luego lo vendeis por 1200 por tener una fruta en la parte trasera
Negativo,PUTA MIERDA de √∫ltima actualizaci√≥n de #IOS @iPhoneEnEspanol @Apple ahora necesito recargar el m√≥vil 3 VECES al d√≠a!!!!!!! Pero que co√±o hacen los que verifican las actualizaciones?????
Negativo,@Apple Apple siguen mintiendo y robando a sus clientes
Positivo,Condenado. Haciendo lo que amo. @Apple #MacBookPro @iFixit https://t.co/zsYx9tAwkM
Negativo,joder @apple tus putos earpods son m√°s fr√°giles que gareth bale y ya es decir
Negativo,"IPhone 6 ambas c√°maras muertas y linterna muerta, una mierda el IOS 12 @Apple ladrones qls jaja"
Negativo,"@vicopico @Apple Exacto c√≥mo el Xiaomi Mi8, yo ya quiero deshacerme de mi iPhone 7 Plus"
Positivo,@VacteriaViloria @Apple Fierro
Positivo,"Y por eso @Apple se sigue quedando con la mejor (no la mayor) parte del mercado latinoamericano, a pesar de su poca innovaci√≥n a√±o con a√±o #MadeByGoogle https://t.co/nf9LNy2nzV"
